player_id,name,date_of_birth,idade,position,sub_position,foot,height_in_cm,country_of_citizenship,current_club_name,market_value_in_eur,highest_market_value_in_eur,partidas_jogadas,minutos_jogados,gols,assistencias,posicao_projeto,player,nation,pos,age,born,Playing Time_MP,Playing Time_Starts,Playing Time_Min,Playing Time_90s,Performance_Gls,Performance_Ast,Performance_G+A,Performance_G-PK,Performance_PK,Performance_PKatt,Performance_CrdY_x,Performance_CrdR_x,Per 90 Minutes_Gls,Per 90 Minutes_Ast,Per 90 Minutes_G+A,Per 90 Minutes_G-PK,Per 90 Minutes_G+A-PK,Standard_Gls,Standard_Sh,Standard_SoT,Standard_SoT%,Standard_Sh/90,Standard_SoT/90,Standard_G/Sh,Standard_G/SoT,Standard_PK,Standard_PKatt,Performance_CrdY_y,Performance_CrdR_y,Performance_2CrdY,Performance_Fls,Performance_Fld,Performance_Off,Performance_Crs,Performance_Int,Performance_TklW,Performance_PKwon,Performance_PKcon,Performance_OG
466810,Ansu Fati,2002-10-31,23.0,Attack,Left Winger,right,178.0,Spain,Association sportive de Monaco Football Club,15000000.0,80000000.0,25,1085,11,0,Ponta,Ansu Fati,ESP,"MF,FW",22,2002,25,10,1093,12.1,11,0,11,8,3,4,1,0,0.91,0.0,0.91,0.66,0.66,11,43,24,55.8,3.54,1.98,0.19,0.33,3,4,1,0,0,9,6,3,8,2,9,,,0
538045,Kays Ruiz-Atil,2002-08-26,23.0,Midfield,Central Midfield,right,177.0,,Association de la Jeunesse auxerroise,750000.0,3000000.0,8,245,0,0,Meia,,,,,,,,,,,,,,,,,,,,,,,,,,,,,,,,,,,,,,,,,,,,
538998,Timothée Pembélé,2002-09-09,23.0,Defender,Right-Back,right,183.0,France,Le Havre Athletic Club,1800000.0,7000000.0,71,3546,3,2,Lateral,Timothee Pembele,FRA,"MF,DF",22,2002,14,2,381,4.2,0,0,0,0,0,0,1,0,0.0,0.0,0.0,0.0,0.0,0,4,2,50.0,0.94,0.47,0.0,0.0,0,0,1,0,0,3,5,1,6,3,5,,,0
539665,Fredrik Oppegård,2002-08-07,23.0,Defender,Left-Back,left,175.0,Norway,Association de la Jeunesse auxerroise,1500000.0,1500000.0,32,1516,0,0,Lateral,Fredrik Oppegard,NOR,"MF,DF",22,2002,23,15,1246,13.8,0,0,0,0,0,0,1,1,0.0,0.0,0.0,0.0,0.0,0,10,2,20.0,0.72,0.14,0.0,0.0,0,0,1,1,0,8,8,2,48,14,20,,,0
539795,Bryan Okoh,2003-05-16,23.0,Defender,Centre-Back,left,191.0,Switzerland,Association de la Jeunesse auxerroise,4000000.0,4000000.0,13,1006,3,0,Zagueiro,Bryan Okoh,SUI,DF,22,2003,13,12,1005,11.2,3,0,3,3,0,0,2,0,0.27,0.0,0.27,0.27,0.27,3,8,3,37.5,0.72,0.27,0.38,1.0,0,0,2,0,0,13,8,0,0,26,9,,,0
548254,Nathan Ngoy,2003-06-10,23.0,Defender,Centre-Back,right,183.0,Belgium,Lille Olympique Sporting Club,25000000.0,25000000.0,29,2404,1,2,Zagueiro,Nathan Ngoy,BEL,DF,22,2003,29,27,2405,26.7,1,2,3,1,0,0,10,1,0.04,0.07,0.11,0.04,0.11,1,22,6,27.3,0.82,0.22,0.05,0.17,0,0,10,1,0,20,11,0,6,38,21,,,0
557612,Sékou Mara,2002-07-30,23.0,Attack,Centre-Forward,right,183.0,France,Association de la Jeunesse auxerroise,4000000.0,12000000.0,86,3109,11,5,Centroavante,Sekou Mara,FRA,FW,23,2002,27,14,1226,13.6,3,2,5,3,0,0,0,0,0.22,0.15,0.37,0.22,0.37,3,33,12,36.4,2.42,0.88,0.09,0.25,0,0,0,0,0,27,27,2,0,3,7,,,0
559328,Emmanuel Emegha,2003-02-03,23.0,Attack,Centre-Forward,right,196.0,Netherlands,Racing Club de Strasbourg Alsace,25000000.0,28000000.0,65,4836,26,7,Centroavante,,,,,,,,,,,,,,,,,,,,,,,,,,,,,,,,,,,,,,,,,,,,
565821,Mika Biereth,2003-02-08,23.0,Attack,Centre-Forward,right,187.0,Denmark,Association sportive de Monaco Football Club,15000000.0,30000000.0,48,2302,15,4,Centroavante,Mika Biereth,DEN,FW,22,2003,32,12,1074,11.9,2,2,4,2,0,0,0,0,0.17,0.17,0.34,0.17,0.34,2,19,7,36.8,1.59,0.59,0.11,0.29,0,0,0,0,0,16,14,9,9,0,7,,,0
569385,Adil Aouchiche,2002-07-15,23.0,Midfield,Attacking Midfield,right,181.0,,Football Club Lorient-Bretagne Sud,2200000.0,10000000.0,81,3108,2,9,Meia,,,,,,,,,,,,,,,,,,,,,,,,,,,,,,,,,,,,,,,,,,,,
575693,Ibrahim Cissoko,2003-03-26,23.0,Attack,Left Winger,right,188.0,Netherlands,Toulouse Football Club,1500000.0,2500000.0,11,239,1,1,Ponta,,,,,,,,,,,,,,,,,,,,,,,,,,,,,,,,,,,,,,,,,,,,
581669,CJ Egan-Riley,2003-01-02,23.0,Defender,Centre-Back,right,183.0,England,Olympique de Marseille,9000000.0,16000000.0,11,626,0,0,Zagueiro,CJ Egan-Riley,ENG,"DF,MF",22,2003,11,8,624,6.9,0,0,0,0,0,0,1,1,0.0,0.0,0.0,0.0,0.0,0,0,0,,0.0,0.0,,,0,0,1,1,0,5,5,0,1,2,7,,,0
585973,Johann Lepenant,2002-10-22,23.0,Midfield,Defensive Midfield,right,176.0,France,Football Club de Nantes,7000000.0,10000000.0,93,6413,3,4,Volante,Johann Lepenant,FRA,MF,22,2002,27,23,2173,24.1,0,1,1,0,0,0,4,0,0.0,0.04,0.04,0.0,0.04,0,22,7,31.8,0.91,0.29,0.0,0.0,0,0,4,0,0,29,48,0,73,26,47,,,0
597659,Charlie Cresswell,2002-08-17,23.0,Defender,Centre-Back,right,190.0,England,Toulouse Football Club,25000000.0,25000000.0,60,5126,6,3,Zagueiro,Charlie Cresswell,ENG,DF,22,2002,29,28,2533,28.1,3,2,5,3,0,0,8,0,0.11,0.07,0.18,0.11,0.18,3,38,12,31.6,1.35,0.43,0.08,0.25,0,0,8,0,0,31,15,4,2,30,14,,,0
617021,Ben Old,2002-08-13,23.0,Defender,Left-Back,left,173.0,New Zealand,AS Saint-Étienne,1800000.0,1800000.0,13,523,0,0,Lateral,,,,,,,,,,,,,,,,,,,,,,,,,,,,,,,,,,,,,,,,,,,,
618494,Tyler Morton,2002-10-31,23.0,Midfield,Defensive Midfield,right,185.0,England,Olympique Lyonnais,30000000.0,30000000.0,29,2524,2,2,Volante,Tyler Morton,ENG,MF,22,2002,29,29,2517,28.0,2,2,4,2,0,0,6,1,0.07,0.07,0.14,0.07,0.14,2,28,8,28.6,1.0,0.29,0.07,0.25,0,0,6,1,0,29,19,0,83,24,29,,,0
620313,Lucas Gourna-Douath,2003-08-05,22.0,Midfield,Defensive Midfield,right,185.0,France,Le Havre Athletic Club,6000000.0,12000000.0,76,4398,1,0,Volante,Lucas Gourna-Douath,FRA,MF,21,2003,15,14,1272,14.1,0,0,0,0,0,0,5,0,0.0,0.0,0.0,0.0,0.0,0,9,2,22.2,0.64,0.14,0.0,0.0,0,0,5,0,0,24,35,2,5,15,12,,,0
620315,Lenny Lacroix,2003-02-06,23.0,Defender,Centre-Back,right,186.0,France,Football Club de Metz,1200000.0,1250000.0,3,201,0,1,Zagueiro,,,,,,,,,,,,,,,,,,,,,,,,,,,,,,,,,,,,,,,,,,,,
637803,Rafael Luís,2005-02-18,21.0,Midfield,Defensive Midfield,left,188.0,Portugal,Racing Club de Strasbourg Alsace,5000000.0,5000000.0,12,585,0,2,Volante,,,,,,,,,,,,,,,,,,,,,,,,,,,,,,,,,,,,,,,,,,,,
646829,Nathaniel Adjei,2002-08-21,23.0,Defender,Centre-Back,right,191.0,Ghana,Football Club Lorient-Bretagne Sud,1500000.0,2500000.0,30,2076,0,0,Zagueiro,Nathaniel Adjei,GHA,DF,22,2002,15,9,835,9.3,0,0,0,0,0,0,0,0,0.0,0.0,0.0,0.0,0.0,0,4,2,50.0,0.43,0.22,0.0,0.0,0,0,0,0,0,8,6,1,1,9,7,,,1
649457,Jean Botué,2002-08-07,23.0,Attack,Left Winger,left,184.0,Burkina Faso,AC Ajaccio,350000.0,900000.0,8,225,0,0,Ponta,,,,,,,,,,,,,,,,,,,,,,,,,,,,,,,,,,,,,,,,,,,,
652061,Adam Karabec,2003-07-02,23.0,Midfield,Attacking Midfield,left,187.0,Czech Republic,Olympique Lyonnais,7000000.0,8000000.0,21,925,1,0,Meia,Adam Karabec,CZE,"MF,FW",22,2003,21,11,922,10.2,1,0,1,1,0,0,3,0,0.1,0.0,0.1,0.1,0.1,1,9,5,55.6,0.88,0.49,0.11,0.2,0,0,3,0,0,14,20,3,80,1,3,,,0
652275,Hákon Arnar Haraldsson,2003-04-10,23.0,Midfield,Attacking Midfield,right,178.0,Iceland,Lille Olympique Sporting Club,25000000.0,25000000.0,83,5532,15,6,Meia,,,,,,,,,,,,,,,,,,,,,,,,,,,,,,,,,,,,,,,,,,,,
655006,Diego Moreira,2004-08-06,21.0,Midfield,Left Midfield,left,179.0,Belgium,Racing Club de Strasbourg Alsace,25000000.0,25000000.0,66,4894,6,14,Meia,Diego Moreira,BEL,MF,20,2004,27,23,2034,22.6,4,6,10,4,0,0,4,0,0.18,0.27,0.44,0.18,0.44,4,29,11,37.9,1.28,0.49,0.14,0.36,0,0,4,0,0,17,27,8,89,20,25,,,0
655012,Lucas Stassin,2004-11-29,21.0,Attack,Centre-Forward,right,183.0,Belgium,AS Saint-Étienne,15000000.0,18000000.0,28,1868,12,5,Centroavante,,,,,,,,,,,,,,,,,,,,,,,,,,,,,,,,,,,,,,,,,,,,
655217,Samson Baidoo,2004-03-31,22.0,Defender,Centre-Back,right,190.0,Austria,Racing Club de Lens,25000000.0,25000000.0,23,1827,2,1,Zagueiro,Samson Baidoo,AUT,DF,21,2004,23,20,1827,20.3,2,1,3,2,0,0,2,0,0.1,0.05,0.15,0.1,0.15,2,16,4,25.0,0.79,0.2,0.13,0.5,0,0,2,0,0,20,5,1,0,25,23,,,0
658534,Lasso Coulibaly,2002-10-19,23.0,Attack,Right Winger,right,176.0,Cote d'Ivoire,Association de la Jeunesse auxerroise,800000.0,1500000.0,20,350,1,0,Ponta,Lasso Coulibaly,CIV,MF,22,2002,17,1,321,3.6,0,0,0,0,0,0,1,0,0.0,0.0,0.0,0.0,0.0,0,3,0,0.0,0.84,0.0,0.0,,0,0,1,0,0,10,11,2,18,6,5,,,0
659089,Ilya Zabarnyi,2002-09-01,23.0,Defender,Centre-Back,right,189.0,Ukraine,Paris Saint-Germain Football Club,40000000.0,55000000.0,28,2387,1,0,Zagueiro,,,,,,,,,,,,,,,,,,,,,,,,,,,,,,,,,,,,,,,,,,,,
659513,Soumaïla Coulibaly,2003-10-14,22.0,Defender,Centre-Back,left,191.0,France,Stade brestois 29,6000000.0,9000000.0,23,1776,0,1,Zagueiro,Soumaïla Coulibaly,FRA,DF,21,2003,16,15,1338,14.9,0,0,0,0,0,0,3,0,0.0,0.0,0.0,0.0,0.0,0,6,2,33.3,0.4,0.13,0.0,0.0,0,0,3,0,0,26,20,1,1,13,12,,,1
659520,Bilal Nadir,2003-11-28,22.0,Midfield,Central Midfield,left,179.0,Morocco,Olympique de Marseille,8000000.0,9000000.0,40,1077,1,4,Meia,Bilal Nadir,MAR,MF,21,2003,20,5,598,6.6,0,4,4,0,0,0,6,1,0.0,0.6,0.6,0.0,0.6,0,7,1,14.3,1.05,0.15,0.0,0.0,0,0,6,1,1,24,4,1,10,6,9,,,0
659542,Elye Wahi,2003-01-02,23.0,Attack,Centre-Forward,right,184.0,Cote d'Ivoire,Olympique Gymnaste Club Nice Côte d'Azur,18000000.0,40000000.0,139,8061,49,14,Centroavante,Elye Wahi,CIV,FW,22,2003,14,11,922,10.2,5,1,6,4,1,1,5,0,0.49,0.1,0.59,0.39,0.49,5,23,15,65.2,2.25,1.46,0.17,0.27,1,1,5,0,0,21,5,20,9,2,4,,,0
659543,Matthis Abline,2003-03-28,23.0,Attack,Centre-Forward,right,182.0,France,Football Club de Nantes,20000000.0,22000000.0,119,7226,23,10,Centroavante,Matthis Abline,FRA,"FW,MF",22,2003,32,27,2494,27.7,6,4,10,6,0,1,6,0,0.22,0.14,0.36,0.22,0.36,6,84,22,26.2,3.03,0.79,0.07,0.27,0,1,6,0,0,32,42,5,62,9,13,,,0
660860,Diego Coppola,2003-12-28,22.0,Defender,Centre-Back,right,193.0,Italy,Paris Football Club,18000000.0,18000000.0,13,1170,0,2,Zagueiro,Diego Coppola,ITA,DF,21,2003,13,13,1170,13.0,0,2,2,0,0,0,1,0,0.0,0.15,0.15,0.0,0.15,0,5,3,60.0,0.38,0.23,0.0,0.0,0,0,1,0,0,6,3,0,0,7,9,,,1
660867,Julio Enciso,2004-01-23,22.0,Midfield,Attacking Midfield,right,173.0,Paraguay,Racing Club de Strasbourg Alsace,25000000.0,25000000.0,27,1893,3,6,Meia,Julio Enciso,PAR,"MF,FW",21,2004,27,22,1883,20.9,3,6,9,2,1,1,2,0,0.14,0.29,0.43,0.1,0.38,3,61,22,36.1,2.92,1.05,0.03,0.09,1,1,2,0,0,20,31,5,61,7,10,,,0
670681,João Neves,2004-09-27,21.0,Midfield,Central Midfield,right,171.0,Portugal,Paris Saint-Germain Football Club,140000000.0,140000000.0,50,3137,8,9,Meia,João Neves,POR,MF,20,2004,21,13,1287,14.3,5,1,6,5,0,0,0,0,0.35,0.07,0.42,0.35,0.42,5,27,6,22.2,1.89,0.42,0.19,0.83,0,0,0,0,0,13,13,0,4,6,14,,,0
670847,Mohamed-Ali Cho,2004-01-19,22.0,Attack,Right Winger,left,182.0,France,Olympique Gymnaste Club Nice Côte d'Azur,15000000.0,15000000.0,121,6360,12,11,Ponta,,,,,,,,,,,,,,,,,,,,,,,,,,,,,,,,,,,,,,,,,,,,
671590,Daouda Guindo,2002-10-14,23.0,Defender,Left-Back,left,183.0,Mali,Stade brestois 29,4500000.0,4500000.0,25,1687,1,1,Lateral,Daouda Guindo,MLI,DF,22,2002,25,19,1686,18.7,1,1,2,1,0,0,4,1,0.05,0.05,0.11,0.05,0.11,1,21,5,23.8,1.12,0.27,0.05,0.2,0,0,4,1,0,26,15,4,38,30,30,,,0
671594,Kamory Doumbia,2003-02-18,23.0,Midfield,Attacking Midfield,right,170.0,Mali,Stade brestois 29,9000000.0,9000000.0,113,5455,18,14,Meia,Kamory Doumbia,MLI,MF,22,2003,24,22,1750,19.4,5,4,9,5,0,0,6,0,0.26,0.21,0.46,0.26,0.46,5,43,14,32.6,2.21,0.72,0.12,0.36,0,0,6,0,0,29,21,2,20,20,30,,,0
677057,Giorgi Abuashvili,2003-02-08,23.0,Attack,Left Winger,right,175.0,Georgia,Football Club de Metz,1000000.0,1200000.0,23,687,2,0,Ponta,Giorgi Abuashvili,GEO,"MF,FW",22,2003,23,6,698,7.8,2,0,2,2,0,0,1,0,0.26,0.0,0.26,0.26,0.26,2,23,9,39.1,2.97,1.16,0.09,0.22,0,0,1,0,0,8,11,1,38,5,8,,,0
683625,Jacen Russell-Rowe,2002-09-13,23.0,Attack,Centre-Forward,right,183.0,Canada,Toulouse Football Club,3000000.0,3500000.0,13,469,1,0,Centroavante,Jacen Russell-Rowe,CAN,FW,22,2002,13,5,472,5.2,1,0,1,1,0,0,0,0,0.19,0.0,0.19,0.19,0.19,1,11,4,36.4,2.1,0.76,0.09,0.25,0,0,0,0,0,9,1,1,3,1,3,,,0
708265,Bradley Barcola,2002-09-02,23.0,Attack,Left Winger,right,187.0,France,Paris Saint-Germain Football Club,70000000.0,70000000.0,128,7283,34,30,Ponta,Bradley Barcola,FRA,FW,22,2002,29,21,1743,19.4,11,1,12,11,0,0,2,0,0.57,0.05,0.62,0.57,0.62,11,66,30,45.5,3.41,1.55,0.17,0.37,0,0,2,0,0,20,10,6,26,12,16,,,0
708678,Isaak Touré,2003-03-28,23.0,Defender,Centre-Back,left,206.0,France,Football Club Lorient-Bretagne Sud,1200000.0,8000000.0,48,3707,2,1,Zagueiro,,,,,,,,,,,,,,,,,,,,,,,,,,,,,,,,,,,,,,,,,,,,
710885,Mario Sauer,2004-05-15,22.0,Midfield,Central Midfield,right,180.0,Slovakia,Toulouse Football Club,1500000.0,2000000.0,25,638,1,0,Meia,Mario Sauer,SVK,MF,21,2004,25,6,651,7.2,1,0,1,1,0,0,4,0,0.14,0.0,0.14,0.14,0.14,1,14,3,21.4,1.94,0.41,0.07,0.33,0,0,4,0,0,12,3,0,7,10,6,,,0
711980,Guéla Doué,2002-10-17,23.0,Defender,Right-Back,right,187.0,Cote d'Ivoire,Racing Club de Strasbourg Alsace,20000000.0,20000000.0,82,6018,3,12,Lateral,Guéla Doué,CIV,"DF,MF",22,2002,24,23,2061,22.9,2,6,8,2,0,0,3,0,0.09,0.26,0.35,0.09,0.35,2,12,5,41.7,0.52,0.22,0.17,0.4,0,0,3,0,0,42,24,0,52,27,38,,,0
724129,Matias Fernandez-Pardo,2005-02-03,21.0,Attack,Centre-Forward,right,188.0,Belgium,Lille Olympique Sporting Club,35000000.0,35000000.0,51,3447,12,8,Centroavante,Matias Fernandez-Pardo,BEL,"FW,MF",20,2005,29,27,2370,26.3,8,5,13,6,2,2,5,0,0.3,0.19,0.49,0.23,0.42,8,68,30,44.1,2.58,1.14,0.09,0.2,2,2,5,0,0,15,40,16,57,8,14,,,0
743386,Malick Fofana,2005-03-31,21.0,Attack,Left Winger,right,169.0,Belgium,Olympique Lyonnais,30000000.0,30000000.0,58,2887,10,6,Ponta,Malick Fofana,BEL,"MF,FW",20,2005,12,9,749,8.3,2,1,3,2,0,0,1,0,0.24,0.12,0.36,0.24,0.36,2,19,9,47.4,2.28,1.08,0.11,0.22,0,0,1,0,0,11,22,3,29,3,5,,,0
743496,Kévin Danois,2004-06-28,22.0,Midfield,Central Midfield,right,183.0,France,Association de la Jeunesse auxerroise,20000000.0,20000000.0,56,4299,3,1,Meia,Kévin Danois,FRA,MF,21,2004,33,32,2830,31.4,3,1,4,3,0,0,3,0,0.1,0.03,0.13,0.1,0.13,3,25,8,32.0,0.8,0.25,0.12,0.38,0,0,3,0,0,33,26,3,130,38,48,,,0
743515,Robin Risser,2004-12-02,21.0,Goalkeeper,Goalkeeper,right,193.0,France,Racing Club de Lens,30000000.0,30000000.0,33,2970,0,1,Goleiro,Robin Risser,FRA,GK,20,2004,33,33,2970,33.0,0,1,1,0,0,0,2,0,0.0,0.03,0.03,0.0,0.03,0,0,0,,0.0,0.0,,,0,0,2,0,0,0,5,0,0,0,0,,,0
743599,Emersonn,2004-07-16,21.0,Attack,Centre-Forward,right,193.0,Brazil,Toulouse Football Club,8000000.0,8000000.0,27,1504,6,2,Centroavante,Emersonn,BRA,FW,21,2004,27,18,1499,16.7,6,2,8,6,0,0,5,1,0.36,0.12,0.48,0.36,0.48,6,51,19,37.3,3.06,1.14,0.12,0.32,0,0,5,1,0,40,10,5,8,7,8,,,0
745173,Mamadou Coulibaly,2004-04-21,22.0,Midfield,Central Midfield,left,179.0,France,Association sportive de Monaco Football Club,15000000.0,15000000.0,31,1504,3,3,Meia,Mamadou Coulibaly,FRA,MF,21,2004,25,15,1381,15.3,3,3,6,3,0,0,7,1,0.2,0.2,0.39,0.2,0.39,3,13,5,38.5,0.85,0.33,0.23,0.6,0,0,7,1,0,31,16,3,15,21,21,,,0
745461,Luca Koleosho,2004-09-15,21.0,Attack,Right Winger,right,175.0,Italy,Paris Football Club,6000000.0,12000000.0,16,543,3,1,Ponta,Luca Koleosho,ITA,MF,20,2004,16,3,554,6.2,3,1,4,3,0,0,0,0,0.49,0.16,0.65,0.49,0.65,3,17,10,58.8,2.76,1.62,0.18,0.3,0,0,0,0,0,10,4,1,15,3,15,,,0
750878,Obed Nkambadio,2003-02-07,23.0,Goalkeeper,Goalkeeper,right,190.0,France,Paris Football Club,5000000.0,7000000.0,12,1080,0,0,Goleiro,Obed Nkambadio,FRA,GK,22,2003,12,12,1080,12.0,0,0,0,0,0,0,0,0,0.0,0.0,0.0,0.0,0.0,0,0,0,,0.0,0.0,,,0,0,0,0,0,0,0,0,0,0,0,,,0
750904,Tom Louchet,2003-05-04,23.0,Midfield,Right Midfield,both,178.0,France,Olympique Gymnaste Club Nice Côte d'Azur,7000000.0,7000000.0,62,2530,5,4,Meia,Tom Louchet,FRA,MF,22,2003,27,14,1367,15.2,3,2,5,3,0,0,1,1,0.2,0.13,0.33,0.2,0.33,3,21,6,28.6,1.38,0.4,0.14,0.5,0,0,1,1,0,16,13,0,51,9,17,,,0
766412,Théo Le Bris,2002-10-01,23.0,Midfield,Right Midfield,right,170.0,France,Football Club Lorient-Bretagne Sud,5000000.0,5000000.0,85,4919,4,6,Meia,Théo Le Bris,FRA,MF,22,2002,28,22,1893,21.0,2,2,4,2,0,0,0,0,0.1,0.1,0.19,0.1,0.19,2,17,7,41.2,0.81,0.33,0.12,0.29,0,0,0,0,0,8,7,0,81,17,28,,,0
770407,Elysée Logbo,2004-05-06,22.0,Attack,Centre-Forward,left,188.0,France,Le Havre Athletic Club,300000.0,800000.0,11,268,0,0,Centroavante,,,,,,,,,,,,,,,,,,,,,,,,,,,,,,,,,,,,,,,,,,,,
770436,Simon Ebonog,2004-08-16,21.0,Midfield,Central Midfield,right,186.0,France,Le Havre Athletic Club,4500000.0,4500000.0,34,1781,1,0,Meia,Simon Ebonog,CMR,MF,20,2004,30,21,1759,19.5,1,0,1,1,0,0,8,0,0.05,0.0,0.05,0.05,0.05,1,22,4,18.2,1.13,0.2,0.05,0.25,0,0,8,0,0,29,34,0,16,24,21,,,0
782630,Khalil Fayad,2004-06-09,22.0,Midfield,Central Midfield,right,172.0,Morocco,Montpellier HSC,5000000.0,5000000.0,67,2750,3,2,Meia,,,,,,,,,,,,,,,,,,,,,,,,,,,,,,,,,,,,,,,,,,,,
786436,Ismaël Doukouré,2003-07-24,22.0,Defender,Centre-Back,right,183.0,France,Racing Club de Strasbourg Alsace,20000000.0,20000000.0,105,8521,2,4,Zagueiro,Ismaël Doukouré,FRA,"DF,MF",22,2003,25,25,2072,23.0,0,2,2,0,0,0,4,2,0.0,0.09,0.09,0.0,0.09,0,7,3,42.9,0.3,0.13,0.0,0.0,0,0,4,2,0,21,17,0,3,24,11,,,2
796865,Lamine Sy,2002-08-10,23.0,Defender,Right-Back,right,171.0,France,Association de la Jeunesse auxerroise,2500000.0,2500000.0,24,1532,0,1,Lateral,Lamine Sy,MTN,DF,22,2002,24,17,1536,17.1,0,0,0,0,0,0,1,0,0.0,0.0,0.0,0.0,0.0,0,13,2,15.4,0.76,0.12,0.0,0.0,0,0,1,0,0,24,14,3,47,26,29,,,0
802515,Noah Nartey,2005-10-05,20.0,Midfield,Attacking Midfield,right,180.0,Denmark,Olympique Lyonnais,15000000.0,15000000.0,11,540,2,0,Meia,Noah Nartey,DEN,"MF,FW",19,2005,11,5,545,6.1,2,0,2,2,0,0,0,0,0.33,0.0,0.33,0.33,0.33,2,5,2,40.0,0.83,0.33,0.4,1.0,0,0,0,0,0,6,7,1,5,2,6,,,0
804711,Ousmane Camara,2003-03-06,23.0,Defender,Centre-Back,right,197.0,Mali,Angers Sporting Club de l'Ouest,8000000.0,8000000.0,44,3492,1,0,Zagueiro,Ousmane Camara,MLI,DF,22,2003,32,31,2718,30.2,1,0,1,1,0,0,4,0,0.03,0.0,0.03,0.03,0.03,1,13,5,38.5,0.43,0.17,0.08,0.2,0,0,4,0,0,22,7,1,3,34,29,,,0
810092,Warren Zaïre-Emery,2006-03-08,20.0,Midfield,Central Midfield,right,176.0,France,Paris Saint-Germain Football Club,80000000.0,80000000.0,113,7385,8,9,Meia,Warren Zaïre-Emery,FRA,"DF,MF",19,2006,32,27,2447,27.2,3,4,7,3,0,0,3,0,0.11,0.15,0.26,0.11,0.26,3,19,7,36.8,0.7,0.26,0.16,0.43,0,0,3,0,0,35,17,0,15,11,29,,,0
810093,Ayman Kari,2004-11-19,21.0,Midfield,Central Midfield,right,176.0,France,Football Club Lorient-Bretagne Sud,4000000.0,4000000.0,19,993,1,1,Meia,,,,,,,,,,,,,,,,,,,,,,,,,,,,,,,,,,,,,,,,,,,,
810411,Pablo Pagis,2002-12-29,23.0,Attack,Left Winger,both,180.0,France,Football Club Lorient-Bretagne Sud,15000000.0,15000000.0,31,1939,10,5,Ponta,Pablo Pagis,FRA,"MF,FW",22,2002,28,22,1756,19.5,10,5,15,8,2,2,1,0,0.51,0.26,0.77,0.41,0.67,10,59,19,32.2,3.02,0.97,0.14,0.42,2,2,1,0,0,23,29,2,99,18,17,,,0
810909,Lucas Michal,2005-06-22,21.0,Attack,Left Winger,right,185.0,France,Football Club de Metz,3500000.0,4000000.0,20,381,0,0,Ponta,,,,,,,,,,,,,,,,,,,,,,,,,,,,,,,,,,,,,,,,,,,,
814976,Martin Adeline,2003-12-02,22.0,Midfield,Attacking Midfield,right,180.0,France,Stade Reims,3000000.0,3000000.0,14,474,0,0,Meia,,,,,,,,,,,,,,,,,,,,,,,,,,,,,,,,,,,,,,,,,,,,
816580,Tiago Santos,2002-07-23,23.0,Defender,Right-Back,right,175.0,Portugal,Lille Olympique Sporting Club,10000000.0,15000000.0,51,3477,1,4,Lateral,Tiago Santos,POR,DF,23,2002,15,8,709,7.9,0,0,0,0,0,0,0,0,0.0,0.0,0.0,0.0,0.0,0,9,0,0.0,1.14,0.0,0.0,,0,0,0,0,0,13,21,0,32,5,8,,,0
819566,Nidal Celik,2006-07-17,19.0,Defender,Centre-Back,right,192.0,Bosnia-Herzegovina,Racing Club de Lens,7000000.0,7000000.0,8,618,0,0,Zagueiro,Nidal Čelik,BIH,DF,19,2006,8,8,616,6.8,0,0,0,0,0,0,2,0,0.0,0.0,0.0,0.0,0.0,0,1,1,100.0,0.15,0.15,0.0,0.0,0,0,2,0,0,13,1,0,1,9,10,,,0
825437,Ilyes Housni,2005-05-14,21.0,Attack,Centre-Forward,right,172.0,Morocco,Le Havre Athletic Club,1500000.0,3500000.0,13,237,0,0,Centroavante,,,,,,,,,,,,,,,,,,,,,,,,,,,,,,,,,,,,,,,,,,,,
834397,Mike Penders,2005-07-31,20.0,Goalkeeper,Goalkeeper,left,200.0,Belgium,Racing Club de Strasbourg Alsace,25000000.0,25000000.0,33,2970,0,0,Goleiro,Mike Penders,BEL,GK,20,2005,33,33,2970,33.0,0,0,0,0,0,0,3,0,0.0,0.0,0.0,0.0,0.0,0,0,0,,0.0,0.0,,,0,0,3,0,0,1,2,0,0,0,0,,,0
841121,John Patrick,2003-09-24,22.0,Midfield,Central Midfield,right,192.0,Ireland,Stade Reims,800000.0,1200000.0,13,542,0,0,Meia,,,,,,,,,,,,,,,,,,,,,,,,,,,,,,,,,,,,,,,,,,,,
842338,Enzo Tchato,2002-11-23,23.0,Defender,Right-Back,right,182.0,Cameroon,Montpellier HSC,1800000.0,3000000.0,65,4118,1,1,Lateral,,,,,,,,,,,,,,,,,,,,,,,,,,,,,,,,,,,,,,,,,,,,
849410,Valentín Barco,2004-07-23,21.0,Midfield,Central Midfield,left,172.0,Argentina,Racing Club de Strasbourg Alsace,40000000.0,40000000.0,41,3337,2,6,Meia,Valentín Barco,ARG,MF,21,2004,27,24,2168,24.1,2,4,6,2,0,0,5,1,0.08,0.17,0.25,0.08,0.25,2,27,10,37.0,1.12,0.42,0.07,0.2,0,0,5,1,0,24,61,2,103,14,33,,,0
854097,Stefan Dzodic,2005-03-15,21.0,Midfield,Central Midfield,right,190.0,Serbia,Montpellier HSC,,,7,240,0,0,Meia,,,,,,,,,,,,,,,,,,,,,,,,,,,,,,,,,,,,,,,,,,,,
855014,Kévin Keben,2004-01-26,22.0,Defender,Centre-Back,right,187.0,Cameroon,Toulouse Football Club,500000.0,500000.0,19,883,0,0,Zagueiro,,,,,,,,,,,,,,,,,,,,,,,,,,,,,,,,,,,,,,,,,,,,
860051,Ayoub Amraoui,2004-05-14,22.0,Defender,Left-Back,left,184.0,Morocco,Olympique Gymnaste Club Nice Côte d'Azur,1500000.0,2500000.0,7,292,0,0,Lateral,,,,,,,,,,,,,,,,,,,,,,,,,,,,,,,,,,,,,,,,,,,,
860056,Aïman Maurer,2004-09-25,21.0,Midfield,Attacking Midfield,right,173.0,Morocco,Clermont Foot 63,500000.0,800000.0,15,556,0,1,Meia,,,,,,,,,,,,,,,,,,,,,,,,,,,,,,,,,,,,,,,,,,,,
863204,Maxi Oyedele,2004-11-07,21.0,Midfield,Defensive Midfield,right,183.0,Poland,Racing Club de Strasbourg Alsace,5000000.0,5000000.0,8,447,1,0,Volante,,,,,,,,,,,,,,,,,,,,,,,,,,,,,,,,,,,,,,,,,,,,
872171,Lucas Beraldo,2003-11-24,22.0,Defender,Centre-Back,left,186.0,Brazil,Paris Saint-Germain Football Club,22000000.0,30000000.0,58,4592,4,1,Zagueiro,Lucas Beraldo,BRA,"DF,MF",21,2003,20,18,1567,17.4,2,1,3,2,0,0,2,0,0.11,0.06,0.17,0.11,0.17,2,14,4,28.6,0.8,0.23,0.14,0.5,0,0,2,0,0,15,7,0,2,18,21,,,0
883865,Rafik Messali,2003-04-28,23.0,Defender,Right-Back,right,177.0,Algeria,Toulouse Football Club,1500000.0,1500000.0,25,954,0,1,Lateral,Rafik Messali,FRA,MF,22,2003,12,5,502,5.6,0,0,0,0,0,0,2,0,0.0,0.0,0.0,0.0,0.0,0,0,0,,0.0,0.0,,,0,0,2,0,0,11,9,0,9,12,6,,,0
885445,Hamza Igamane,2002-11-02,23.0,Attack,Centre-Forward,right,181.0,Morocco,Lille Olympique Sporting Club,18000000.0,18000000.0,13,428,5,1,Centroavante,Hamza Igamane,MAR,FW,22,2002,13,4,432,4.8,5,1,6,5,0,0,2,0,1.04,0.21,1.25,1.04,1.25,5,24,9,37.5,5.0,1.87,0.21,0.56,0,0,2,0,0,6,3,5,5,2,4,,,0
890719,Ethan Nwaneri,2007-03-21,19.0,Midfield,Attacking Midfield,left,176.0,England,Olympique de Marseille,35000000.0,55000000.0,9,322,2,1,Meia,Ethan Nwaneri,ENG,MF,18,2007,9,3,324,3.6,2,1,3,2,0,0,1,0,0.56,0.28,0.83,0.56,0.83,2,9,3,33.3,2.5,0.83,0.22,0.67,0,0,1,0,0,4,1,0,9,3,1,,,0
891998,Antoine Mendy,2004-05-27,22.0,Defender,Centre-Back,right,187.0,Senegal,Olympique Gymnaste Club Nice Côte d'Azur,10000000.0,10000000.0,64,3850,1,1,Zagueiro,Antoine Mendy,SEN,DF,21,2004,25,24,2097,23.3,1,0,1,1,0,0,5,0,0.04,0.0,0.04,0.04,0.04,1,17,7,41.2,0.73,0.3,0.06,0.14,0,0,5,0,0,30,22,1,21,19,35,,,0
903359,Marius Broholm,2004-12-26,21.0,Attack,Right Winger,left,176.0,Norway,Lille Olympique Sporting Club,5000000.0,7000000.0,11,272,1,1,Ponta,Marius Broholm,NOR,MF,20,2004,11,3,279,3.1,1,1,2,0,1,1,0,0,0.32,0.32,0.65,0.0,0.32,1,4,3,75.0,1.29,0.97,0.0,0.0,1,1,0,0,0,4,8,0,14,2,6,,,0
903666,Ethan Mbappé,2006-12-29,19.0,Attack,Right Winger,left,180.0,France,Lille Olympique Sporting Club,8000000.0,9000000.0,31,822,3,1,Ponta,Ethan Mbappé,FRA,"MF,FW",18,2006,18,4,567,6.3,3,1,4,3,0,0,1,0,0.48,0.16,0.63,0.48,0.63,3,14,7,50.0,2.22,1.11,0.21,0.43,0,0,1,0,0,7,9,1,34,2,7,,,0
903693,Senny Mayulu,2006-05-17,20.0,Midfield,Central Midfield,both,183.0,France,Paris Saint-Germain Football Club,40000000.0,40000000.0,54,2805,6,7,Meia,Senny Mayulu,FRA,"MF,FW",19,2006,26,21,1672,18.6,4,4,8,4,0,0,3,0,0.22,0.22,0.43,0.22,0.43,4,35,11,31.4,1.88,0.59,0.11,0.36,0,0,3,0,0,24,20,1,27,12,31,,,0
912902,Guillaume Restes,2005-03-11,21.0,Goalkeeper,Goalkeeper,left,188.0,France,Toulouse Football Club,18000000.0,20000000.0,96,8545,0,1,Goleiro,Guillaume Restes,FRA,GK,20,2005,33,33,2939,32.7,0,0,0,0,0,0,3,0,0.0,0.0,0.0,0.0,0.0,0,0,0,,0.0,0.0,,,0,0,3,0,0,0,8,0,0,1,0,,,0
914562,Désiré Doué,2005-06-03,21.0,Attack,Right Winger,right,181.0,France,Paris Saint-Germain Football Club,120000000.0,120000000.0,111,5825,20,20,Ponta,Désiré Doué,FRA,"FW,MF",20,2005,23,16,1348,15.0,7,4,11,7,0,1,0,0,0.47,0.27,0.73,0.47,0.73,7,55,19,34.5,3.67,1.27,0.13,0.37,0,1,0,0,0,24,28,0,56,12,20,,,0
917778,Rémy Labeau Lascary,2003-03-03,23.0,Attack,Centre-Forward,right,184.0,France,Stade brestois 29,4000000.0,4000000.0,48,1867,7,2,Centroavante,Rémy Labeau Lascary,GLP,"MF,FW",22,2003,27,12,1200,13.3,5,1,6,5,0,0,2,0,0.37,0.07,0.45,0.37,0.45,5,34,16,47.1,2.55,1.2,0.15,0.31,0,0,2,0,0,29,18,9,12,4,11,,,0
917817,Tom Pouilly,2003-06-18,23.0,Defender,Right-Back,right,180.0,France,Racing Club de Lens,,,10,271,0,0,Lateral,,,,,,,,,,,,,,,,,,,,,,,,,,,,,,,,,,,,,,,,,,,,
918969,Lamine Camara,2004-01-01,22.0,Midfield,Central Midfield,right,174.0,Senegal,Association sportive de Monaco Football Club,40000000.0,40000000.0,84,6182,6,15,Meia,Lamine Camara,SEN,MF,21,2004,24,22,1847,20.5,3,4,7,3,0,0,6,0,0.15,0.19,0.34,0.15,0.34,3,25,4,16.0,1.22,0.19,0.12,0.75,0,0,6,0,0,28,48,0,101,38,33,,,0
919620,Joseph Nduquidi,2004-10-25,21.0,Midfield,Central Midfield,,187.0,Angola,Football Club de Metz,800000.0,800000.0,13,749,0,0,Meia,Joseph Nduquidi,FRA,MF,20,2004,1,0,7,0.1,0,0,0,0,0,0,0,0,0.0,0.0,0.0,0.0,0.0,0,0,0,,0.0,0.0,,,0,0,0,0,0,0,0,0,1,0,0,,,0
920470,Tochukwu Nnadi,2003-06-30,23.0,Midfield,Defensive Midfield,right,176.0,Nigeria,Olympique de Marseille,4500000.0,4500000.0,8,353,0,1,Volante,Tochukwu Nnadi,NGA,"MF,DF",22,2003,8,4,351,3.9,0,1,1,0,0,0,1,0,0.0,0.26,0.26,0.0,0.26,0,4,1,25.0,1.03,0.26,0.0,0.0,0,0,1,0,0,10,4,1,6,3,3,,,0
926694,Arthur Vermeeren,2005-02-07,21.0,Midfield,Defensive Midfield,right,180.0,Belgium,Olympique de Marseille,20000000.0,30000000.0,20,823,0,1,Volante,Arthur Vermeeren,BEL,MF,20,2005,20,10,828,9.2,0,1,1,0,0,0,1,1,0.0,0.11,0.11,0.0,0.11,0,3,1,33.3,0.33,0.11,0.0,0.0,0,0,1,1,0,15,1,0,3,11,11,,,0
926978,Lucas Høgsberg,2006-06-23,20.0,Defender,Centre-Back,right,187.0,Denmark,Racing Club de Strasbourg Alsace,18000000.0,18000000.0,24,1798,0,0,Zagueiro,Lucas Høgsberg,DEN,DF,19,2006,24,21,1792,19.9,0,0,0,0,0,0,4,1,0.0,0.0,0.0,0.0,0.0,0,4,1,25.0,0.2,0.05,0.0,0.0,0,0,4,1,1,16,13,1,0,13,9,,,0
931160,Djaoui Cissé,2004-01-31,22.0,Midfield,Central Midfield,right,188.0,France,Stade Rennais Football Club,10000000.0,15000000.0,40,2115,1,0,Meia,Djaoui Cissé,FRA,MF,21,2004,24,12,981,10.9,0,0,0,0,0,0,3,0,0.0,0.0,0.0,0.0,0.0,0,24,6,25.0,2.2,0.55,0.0,0.0,0,0,3,0,0,18,10,0,27,5,22,,,0
933900,Samuel Amo-Ameyaw,2006-07-18,19.0,Attack,Right Winger,left,174.0,England,Racing Club de Strasbourg Alsace,8000000.0,8000000.0,34,1358,4,2,Ponta,Samuel Amo-Ameyaw,ENG,"MF,DF",19,2006,25,9,1047,11.6,2,2,4,2,0,0,2,0,0.17,0.17,0.34,0.17,0.34,2,17,5,29.4,1.46,0.43,0.12,0.4,0,0,2,0,0,15,26,2,50,3,12,,,0
944355,Mathieu Acapandié,2004-12-14,21.0,Defender,Right-Back,right,182.0,Madagascar,Football Club de Nantes,700000.0,700000.0,6,259,0,0,Lateral,Mathieu Acapandié,MAD,"DF,MF",20,2004,6,2,261,2.9,0,0,0,0,0,0,0,0,0.0,0.0,0.0,0.0,0.0,0,0,0,,0.0,0.0,,,0,0,0,0,0,3,0,0,11,3,1,,,0
947360,Kassoum Ouattara,2004-10-14,21.0,Defender,Left-Back,left,184.0,France,Association sportive de Monaco Football Club,12000000.0,12000000.0,41,1994,1,4,Lateral,Kassoum Ouattara,FRA,"MF,DF",20,2004,15,12,967,10.7,0,3,3,0,0,0,3,0,0.0,0.28,0.28,0.0,0.28,0,12,0,0.0,1.12,0.0,0.0,,0,0,3,0,0,22,10,1,50,19,19,,,0
949113,Pape Demba Diop,2003-09-04,22.0,Midfield,Central Midfield,right,182.0,Senegal,Toulouse Football Club,9000000.0,9000000.0,15,1187,1,2,Meia,Pape Demba Diop,SEN,MF,21,2003,15,13,1181,13.1,1,2,3,1,0,0,2,0,0.08,0.15,0.23,0.08,0.23,1,29,11,37.9,2.21,0.84,0.03,0.09,0,0,2,0,0,15,17,0,14,29,20,,,0
952282,Afonso Moreira,2005-03-19,21.0,Attack,Left Winger,right,176.0,Portugal,Olympique Lyonnais,20000000.0,20000000.0,27,1719,4,8,Ponta,Afonso Moreira,POR,"MF,FW",20,2005,27,18,1722,19.1,4,7,11,4,0,0,3,0,0.21,0.37,0.57,0.21,0.57,4,40,14,35.0,2.09,0.73,0.1,0.29,0,0,3,0,0,27,57,4,119,12,22,,,0
955070,Ernest Nuamah,2003-11-01,22.0,Attack,Right Winger,left,178.0,Ghana,Olympique Lyonnais,10000000.0,20000000.0,55,2939,6,3,Ponta,Ernest Nuamah,GHA,"FW,MF",21,2003,3,0,35,0.4,0,0,0,0,0,0,0,0,0.0,0.0,0.0,0.0,0.0,0,2,0,0.0,5.14,0.0,0.0,,0,0,0,0,0,0,0,0,2,0,0,,,0
955281,Nhoa Sangui,2006-02-27,20.0,Defender,Left-Back,left,178.0,France,Paris Football Club,10000000.0,10000000.0,52,2882,0,2,Lateral,Nhoa Sangui,FRA,DF,19,2006,26,18,1737,19.3,0,0,0,0,0,0,0,0,0.0,0.0,0.0,0.0,0.0,0,4,1,25.0,0.21,0.05,0.0,0.0,0,0,0,0,0,5,17,2,37,21,14,,,0
962555,Abakar Sylla,2002-12-25,23.0,Defender,Centre-Back,left,188.0,Cote d'Ivoire,Football Club de Nantes,2500000.0,15000000.0,46,2802,3,0,Zagueiro,,,,,,,,,,,,,,,,,,,,,,,,,,,,,,,,,,,,,,,,,,,,
969447,Dermane Karim,2003-12-26,22.0,Midfield,Attacking Midfield,right,178.0,Togo,Football Club Lorient-Bretagne Sud,2500000.0,3500000.0,30,1361,1,2,Meia,Dermane Karim,TOG,MF,21,2003,30,15,1365,15.2,1,2,3,1,0,0,3,0,0.07,0.13,0.2,0.07,0.2,1,16,2,12.5,1.05,0.13,0.06,0.5,0,0,3,0,0,21,39,0,17,10,17,,,0
970279,Jacques Ekomié,2003-08-19,22.0,Defender,Left-Back,left,179.0,Gabon,Angers Sporting Club de l'Ouest,9000000.0,9000000.0,50,2935,0,0,Lateral,Jacques Ekomie,GAB,"DF,MF",21,2003,32,25,2239,24.9,0,0,0,0,0,0,3,0,0.0,0.0,0.0,0.0,0.0,0,12,3,25.0,0.48,0.12,0.0,0.0,0,0,3,0,0,30,31,6,65,31,32,,,0
970364,Yaël Mouanga,2005-07-23,20.0,Defender,Centre-Back,right,183.0,France,Montpellier HSC,,,14,946,0,0,Zagueiro,,,,,,,,,,,,,,,,,,,,,,,,,,,,,,,,,,,,,,,,,,,,
971570,Endrick,2006-07-21,19.0,Attack,Centre-Forward,left,172.0,Brazil,Olympique Lyonnais,40000000.0,60000000.0,16,1224,5,7,Centroavante,Endrick,BRA,"FW,MF",19,2006,16,14,1215,13.5,5,7,12,4,1,1,4,1,0.37,0.52,0.89,0.3,0.81,5,50,26,52.0,3.7,1.93,0.08,0.15,1,1,4,1,0,21,21,4,52,2,9,,,0
975347,Aladji Bamba,2006-07-14,19.0,Midfield,Defensive Midfield,right,181.0,France,Association sportive de Monaco Football Club,18000000.0,18000000.0,18,815,0,2,Volante,Aladji Bamba,FRA,MF,19,2006,18,10,816,9.1,0,2,2,0,0,0,2,0,0.0,0.22,0.22,0.0,0.22,0,2,1,50.0,0.22,0.11,0.0,0.0,0,0,2,0,0,23,18,0,4,8,20,,,0
979551,Pathé Mboup,2003-10-19,22.0,Attack,Left Winger,right,175.0,Senegal,Stade brestois 29,2500000.0,3000000.0,28,1048,1,0,Ponta,Pathé Mboup,SEN,MF,21,2003,28,9,1054,11.7,1,0,1,1,0,0,6,0,0.09,0.0,0.09,0.09,0.09,1,23,10,43.5,1.96,0.85,0.04,0.1,0,0,6,0,0,34,19,5,11,12,18,,,0
982393,Lucas Mincarelli,2004-01-05,22.0,Defender,Left-Back,left,180.0,France,Montpellier HSC,1000000.0,1000000.0,23,1697,2,1,Lateral,,,,,,,,,,,,,,,,,,,,,,,,,,,,,,,,,,,,,,,,,,,,
982863,Kyliane Dong,2004-09-27,21.0,Attack,Left Winger,,,France,ESTAC Troyes,600000.0,600000.0,6,211,0,0,Ponta,,,,,,,,,,,,,,,,,,,,,,,,,,,,,,,,,,,,,,,,,,,,
986262,Junior Ndiaye,2005-03-29,21.0,Attack,Centre-Forward,left,183.0,United Arab Emirates,Montpellier HSC,50000.0,150000.0,15,433,0,0,Centroavante,,,,,,,,,,,,,,,,,,,,,,,,,,,,,,,,,,,,,,,,,,,,
986291,Andrija Bulatovic,2006-12-27,19.0,Midfield,Central Midfield,right,180.0,Montenegro,Racing Club de Lens,8000000.0,8000000.0,19,753,0,4,Meia,Andrija Bulatović,MNE,MF,18,2006,19,6,762,8.5,0,4,4,0,0,0,2,0,0.0,0.47,0.47,0.0,0.47,0,11,5,45.5,1.3,0.59,0.0,0.0,0,0,2,0,0,19,20,0,56,8,21,,,0
989574,Santiago Hidalgo,2005-02-17,21.0,Attack,Centre-Forward,left,174.0,Argentina,Toulouse Football Club,6000000.0,6000000.0,28,1303,4,6,Centroavante,Santiago Hidalgo,ARG,"MF,FW",20,2005,28,14,1306,14.5,4,6,10,4,0,0,4,0,0.28,0.41,0.69,0.28,0.69,4,33,13,39.4,2.27,0.9,0.12,0.31,0,0,4,0,0,41,30,8,12,8,20,,,0
989819,Ivane Chegra,2004-03-03,22.0,Attack,Right Winger,,,Algeria,AC Ajaccio,150000.0,150000.0,6,189,0,0,Ponta,,,,,,,,,,,,,,,,,,,,,,,,,,,,,,,,,,,,,,,,,,,,
989824,Ben Hamed Touré,2003-08-21,22.0,Attack,Centre-Forward,,185.0,Cote d'Ivoire,AC Ajaccio,100000.0,100000.0,4,210,0,0,Centroavante,,,,,,,,,,,,,,,,,,,,,,,,,,,,,,,,,,,,,,,,,,,,
991487,Abdoul Ouattara,2005-10-22,20.0,Defender,Right-Back,,180.0,Cote d'Ivoire,Racing Club de Strasbourg Alsace,15000000.0,15000000.0,45,2226,3,2,Lateral,Abdoul Ouattara,FRA,"MF,DF",19,2005,28,19,1768,19.6,2,0,2,2,0,0,2,0,0.1,0.0,0.1,0.1,0.1,2,27,11,40.7,1.37,0.56,0.07,0.18,0,0,2,0,0,12,11,1,19,20,13,,,0
992686,Martial Godo,2003-03-14,23.0,Attack,Left Winger,right,177.0,Cote d'Ivoire,Racing Club de Strasbourg Alsace,22000000.0,22000000.0,28,1587,10,2,Ponta,Martial Godo,CIV,MF,22,2003,28,18,1584,17.6,10,1,11,10,0,0,2,0,0.57,0.06,0.62,0.57,0.62,10,41,17,41.5,2.33,0.97,0.24,0.59,0,0,2,0,0,15,32,11,31,15,13,,,0
999229,Jérémy Sebas,2003-04-14,23.0,Attack,Centre-Forward,right,187.0,Martinique,Racing Club de Strasbourg Alsace,600000.0,800000.0,27,575,2,1,Centroavante,,,,,,,,,,,,,,,,,,,,,,,,,,,,,,,,,,,,,,,,,,,,
1004301,Jérémy Jacquet,2005-07-13,20.0,Defender,Centre-Back,right,190.0,France,Stade Rennais Football Club,55000000.0,55000000.0,37,2855,0,2,Zagueiro,Jérémy Jacquet,FRA,DF,20,2005,19,19,1671,18.6,0,0,0,0,0,0,6,1,0.0,0.0,0.0,0.0,0.0,0,11,3,27.3,0.59,0.16,0.0,0.0,0,0,6,1,1,20,17,1,0,22,17,,,0
1004486,Mathys de Carvalho,2005-05-01,21.0,Midfield,Defensive Midfield,right,183.0,Portugal,Olympique Lyonnais,3000000.0,4000000.0,11,290,0,0,Volante,Mathys De Carvalho,FRA,MF,20,2005,11,3,295,3.3,0,0,0,0,0,0,1,0,0.0,0.0,0.0,0.0,0.0,0,7,2,28.6,2.14,0.61,0.0,0.0,0,0,1,0,0,2,5,0,2,4,6,,,0
1004619,Dehmaine Tabibou,2005-04-17,21.0,Midfield,Central Midfield,left,183.0,France,Football Club de Nantes,5000000.0,5000000.0,38,1336,1,0,Meia,,,,,,,,,,,,,,,,,,,,,,,,,,,,,,,,,,,,,,,,,,,,
1005240,Christian Mawissa,2005-04-18,21.0,Defender,Centre-Back,left,184.0,France,Association sportive de Monaco Football Club,15000000.0,15000000.0,59,3906,2,0,Zagueiro,Christian Mawissa,FRA,"DF,MF",20,2005,18,13,1191,13.2,0,0,0,0,0,0,4,0,0.0,0.0,0.0,0.0,0.0,0,2,1,50.0,0.15,0.08,0.0,0.0,0,0,4,0,0,12,12,0,5,15,25,,,0
1009596,Junior Diaz,2003-07-23,22.0,Defender,Centre-Back,right,193.0,Cote d'Ivoire,Stade brestois 29,6000000.0,6000000.0,20,1560,0,1,Zagueiro,Junior Diaz,CIV,DF,22,2003,20,17,1562,17.4,0,0,0,0,0,0,4,0,0.0,0.0,0.0,0.0,0.0,0,7,1,14.3,0.4,0.06,0.0,0.0,0,0,4,0,0,8,11,0,1,25,18,,,0
1010854,Mathis Amougou,2006-01-18,20.0,Midfield,Central Midfield,right,177.0,France,Racing Club de Strasbourg Alsace,9000000.0,10000000.0,29,1263,0,0,Meia,Mathis Amougou,FRA,MF,19,2006,12,4,409,4.5,0,0,0,0,0,0,1,0,0.0,0.0,0.0,0.0,0.0,0,3,2,66.7,0.66,0.44,0.0,0.0,0,0,1,0,0,4,4,0,2,2,11,,,0
1011200,Junior Mwanga,2003-05-11,23.0,Midfield,Defensive Midfield,both,184.0,France,Racing Club de Strasbourg Alsace,6000000.0,7000000.0,61,4343,3,4,Volante,,,,,,,,,,,,,,,,,,,,,,,,,,,,,,,,,,,,,,,,,,,,
1016015,Ngal'ayel Mukau,2004-11-03,21.0,Midfield,Defensive Midfield,left,186.0,DR Congo,Lille Olympique Sporting Club,15000000.0,15000000.0,52,2733,1,1,Volante,Ngal'Ayel Mukau,COD,MF,20,2004,30,19,1534,17.0,1,0,1,1,0,0,3,0,0.06,0.0,0.06,0.06,0.06,1,20,5,25.0,1.17,0.29,0.05,0.2,0,0,3,0,0,27,23,4,5,14,18,,,0
1019950,Théo Chennahi,2005-02-06,21.0,Midfield,Central Midfield,right,182.0,France,Montpellier HSC,,,4,180,0,0,Meia,,,,,,,,,,,,,,,,,,,,,,,,,,,,,,,,,,,,,,,,,,,,
1020191,Ismaëlo Ganiou,2005-03-14,21.0,Defender,Centre-Back,right,182.0,France,Racing Club de Lens,20000000.0,20000000.0,23,2014,3,0,Zagueiro,Ismaëlo Ganiou,FRA,DF,20,2005,23,22,2014,22.4,3,0,3,3,0,0,4,1,0.13,0.0,0.13,0.13,0.13,3,22,4,18.2,0.98,0.18,0.14,0.75,0,0,4,1,1,25,22,0,17,29,27,,,0
1038308,Michel Mboula,2003-04-30,23.0,Defender,Centre-Back,left,185.0,Gabon,Football Club de Metz,900000.0,1200000.0,14,746,0,0,Zagueiro,Michel Mboula,GAB,"DF,MF",22,2003,14,10,746,8.3,0,0,0,0,0,0,2,0,0.0,0.0,0.0,0.0,0.0,0,2,1,50.0,0.24,0.12,0.0,0.0,0,0,2,0,0,9,11,0,8,15,10,,,1
1044893,Yaya Fofana,2004-06-12,22.0,Midfield,Central Midfield,right,180.0,Cote d'Ivoire,Stade Reims,150000.0,150000.0,16,666,1,1,Meia,,,,,,,,,,,,,,,,,,,,,,,,,,,,,,,,,,,,,,,,,,,,
1047097,Yoram Zague,2006-05-15,20.0,Defender,Right-Back,right,168.0,France,Paris Saint-Germain Football Club,2500000.0,2500000.0,9,555,1,0,Lateral,,,,,,,,,,,,,,,,,,,,,,,,,,,,,,,,,,,,,,,,,,,,
1053208,Quentin Ndjantou,2007-07-23,18.0,Attack,Left Winger,right,182.0,France,Paris Saint-Germain Football Club,8000000.0,8000000.0,10,354,1,1,Ponta,Quentin Ndjantou,FRA,MF,18,2007,10,3,360,4.0,1,1,2,1,0,0,1,0,0.25,0.25,0.5,0.25,0.5,1,9,3,33.3,2.25,0.75,0.11,0.33,0,0,1,0,0,7,2,0,4,2,1,,,0
1064871,Joaquín Panichelli,2002-10-07,23.0,Attack,Centre-Forward,right,190.0,Argentina,Racing Club de Strasbourg Alsace,35000000.0,35000000.0,27,2196,16,1,Centroavante,Joaquín Panichelli,ARG,FW,22,2002,27,24,2193,24.4,16,1,17,11,5,6,3,0,0.66,0.04,0.7,0.45,0.49,16,58,31,53.4,2.38,1.27,0.19,0.35,5,6,3,0,0,43,44,14,0,13,10,,,0
1068110,Rabby Nzingoula,2005-11-25,20.0,Midfield,Defensive Midfield,right,183.0,France,Montpellier HSC,2000000.0,2500000.0,33,1826,1,1,Volante,Rabby Nzingoula,FRA,MF,19,2005,4,0,51,0.6,0,0,0,0,0,0,0,1,0.0,0.0,0.0,0.0,0.0,0,1,0,0.0,1.76,0.0,0.0,,0,0,0,1,0,3,2,0,2,1,1,,,0
1071596,Dro Fernández,2008-01-12,18.0,Midfield,Attacking Midfield,right,180.0,Spain,Paris Saint-Germain Football Club,10000000.0,10000000.0,12,682,1,0,Meia,Dro Fernández,ESP,MF,17,2008,12,7,682,7.6,1,0,1,1,0,0,0,0,0.13,0.0,0.13,0.13,0.13,1,9,3,33.3,1.19,0.4,0.11,0.33,0,0,0,0,0,8,12,0,4,9,5,,,0
1071956,Emmanuel Biumla,2005-05-08,21.0,Defender,Centre-Back,right,185.0,France,Angers Sporting Club de l'Ouest,2500000.0,4000000.0,26,1717,1,0,Zagueiro,Emmanuel Biumla,FRA,DF,20,2005,9,3,387,4.3,0,0,0,0,0,0,0,0,0.0,0.0,0.0,0.0,0.0,0,2,0,0.0,0.47,0.0,0.0,,0,0,0,0,0,8,6,0,1,2,5,,,0
1074628,Arthur Avom,2004-12-15,21.0,Midfield,Central Midfield,right,173.0,Cameroon,Football Club Lorient-Bretagne Sud,20000000.0,20000000.0,31,2115,2,1,Meia,Arthur Avom,CMR,MF,20,2004,31,22,2119,23.5,2,1,3,2,0,0,3,0,0.08,0.04,0.13,0.08,0.13,2,21,6,28.6,0.89,0.25,0.1,0.33,0,0,3,0,0,23,38,0,45,28,31,,,1
1075575,Marius Courcoul,2007-01-01,19.0,Midfield,Defensive Midfield,right,182.0,France,Angers Sporting Club de l'Ouest,2500000.0,2500000.0,26,668,0,0,Volante,Marius Courcoul,FRA,MF,18,2007,18,3,374,4.2,0,0,0,0,0,0,0,0,0.0,0.0,0.0,0.0,0.0,0,2,1,50.0,0.48,0.24,0.0,0.0,0,0,0,0,0,6,3,0,0,3,9,,,0
1075583,Seny Koumbassa,2007-06-20,19.0,Defender,Centre-Back,right,194.0,France,Toulouse Football Club,5000000.0,5000000.0,9,441,1,0,Zagueiro,Seny Koumbassa,FRA,DF,18,2007,9,4,444,4.9,1,0,1,1,0,0,0,0,0.2,0.0,0.2,0.2,0.2,1,3,1,33.3,0.61,0.2,0.33,1.0,0,0,0,0,0,1,0,0,0,4,6,,,0
1078326,Noah Edjouma,2005-10-04,20.0,Attack,Right Winger,left,182.0,France,Lille Olympique Sporting Club,5000000.0,5000000.0,25,502,2,0,Ponta,,,,,,,,,,,,,,,,,,,,,,,,,,,,,,,,,,,,,,,,,,,,
1081219,Othmane Maamma,2005-10-06,20.0,Attack,Right Winger,both,182.0,Morocco,Montpellier HSC,300000.0,300000.0,14,415,2,1,Ponta,,,,,,,,,,,,,,,,,,,,,,,,,,,,,,,,,,,,,,,,,,,,
1088199,Arsène Kouassi,2004-01-02,22.0,Defender,Left-Back,left,178.0,Burkina Faso,Football Club Lorient-Bretagne Sud,15000000.0,15000000.0,31,2612,2,8,Lateral,Arsène Kouassi,BFA,MF,20,2004,31,30,2605,28.9,2,6,8,2,0,0,4,0,0.07,0.21,0.28,0.07,0.28,2,9,5,55.6,0.31,0.17,0.22,0.4,0,0,4,0,0,15,53,10,119,24,18,,,0
1091353,Telli Siwe,2004-12-14,21.0,Defender,Centre-Back,right,185.0,France,Association de la Jeunesse auxerroise,1000000.0,1000000.0,4,315,0,0,Zagueiro,Telli Siwe,FRA,DF,20,2004,4,4,315,3.5,0,0,0,0,0,0,0,0,0.0,0.0,0.0,0.0,0.0,0,2,1,50.0,0.57,0.29,0.0,0.0,0,0,0,0,0,3,0,0,0,5,4,,,0
1093482,Nicolas Pays,2003-07-07,23.0,Attack,Right Winger,left,177.0,France,Montpellier HSC,700000.0,700000.0,9,445,0,0,Ponta,,,,,,,,,,,,,,,,,,,,,,,,,,,,,,,,,,,,,,,,,,,,
1096744,Lanroy Machine,2005-10-13,20.0,Attack,Centre-Forward,right,183.0,France,Angers Sporting Club de l'Ouest,1500000.0,1500000.0,24,512,1,0,Centroavante,Lanroy Machine,FRA,FW,19,2005,22,3,519,5.8,1,0,1,1,0,0,1,0,0.17,0.0,0.17,0.17,0.17,1,15,4,26.7,2.6,0.69,0.07,0.25,0,0,1,0,0,9,5,4,5,0,4,,,0
1097113,Kaïl Boudache,2006-06-15,20.0,Attack,Right Winger,left,,France,Olympique Gymnaste Club Nice Côte d'Azur,5000000.0,5000000.0,13,528,1,0,Ponta,Kaïl Boudache,FRA,"MF,FW",19,2006,13,3,531,5.9,1,0,1,1,0,0,1,0,0.17,0.0,0.17,0.17,0.17,1,13,2,15.4,2.2,0.34,0.08,0.5,0,0,1,0,0,5,4,0,8,6,9,,,0
1097139,Ayyoub Bouaddi,2007-10-02,18.0,Midfield,Central Midfield,right,185.0,Morocco,Lille Olympique Sporting Club,50000000.0,50000000.0,63,3603,0,2,Meia,Ayyoub Bouaddi,MAR,MF,17,2007,30,28,2321,25.8,0,1,1,0,0,0,7,1,0.0,0.04,0.04,0.0,0.04,0,16,5,31.3,0.62,0.19,0.0,0.0,0,0,7,1,0,37,24,0,20,27,40,,,0
1099726,Papa Amadou Diallo,2004-06-25,22.0,Attack,Left Winger,right,182.0,Senegal,Football Club de Metz,1000000.0,1000000.0,16,890,2,1,Ponta,,,,,,,,,,,,,,,,,,,,,,,,,,,,,,,,,,,,,,,,,,,,
1103652,Marius Louër,2007-03-11,19.0,Defender,Right-Back,right,181.0,France,Angers Sporting Club de l'Ouest,2000000.0,2000000.0,9,541,0,0,Lateral,Marius Louer,FRA,DF,18,2007,9,6,543,6.0,0,0,0,0,0,0,1,0,0.0,0.0,0.0,0.0,0.0,0,0,0,,0.0,0.0,,,0,0,1,0,0,7,3,0,9,2,16,,,1
1103958,Prosper Peter,2007-08-09,18.0,Attack,Centre-Forward,right,188.0,France,Angers Sporting Club de l'Ouest,15000000.0,15000000.0,31,1291,5,0,Centroavante,Prosper Peter,NGA,FW,17,2007,29,14,1273,14.1,5,0,5,5,0,0,0,0,0.35,0.0,0.35,0.35,0.35,5,23,14,60.9,1.63,0.99,0.22,0.36,0,0,0,0,0,30,30,15,0,4,3,,,0
1111777,Sadibou Sané,2004-06-10,22.0,Defender,Centre-Back,right,184.0,Senegal,Football Club de Metz,7000000.0,7000000.0,37,2783,2,1,Zagueiro,Sadibou Sané,SEN,DF,21,2004,23,22,1940,21.6,2,1,3,2,0,0,5,2,0.09,0.05,0.14,0.09,0.14,2,6,2,33.3,0.28,0.09,0.33,1.0,0,0,5,2,0,22,15,0,4,39,34,,,1
1113451,Kojo Peprah Oppong,2004-06-04,22.0,Defender,Centre-Back,right,185.0,Ghana,Olympique Gymnaste Club Nice Côte d'Azur,10000000.0,10000000.0,29,2429,1,0,Zagueiro,Kojo Peprah Oppong,GHA,DF,21,2004,29,28,2425,26.9,1,0,1,1,0,0,4,0,0.04,0.0,0.04,0.04,0.04,1,10,3,30.0,0.37,0.11,0.1,0.33,0,0,4,0,0,31,30,1,5,30,28,,,0
1119453,Herba Guirassy,2006-08-29,19.0,Attack,Left Winger,right,186.0,France,Football Club de Nantes,7000000.0,8000000.0,39,1156,4,1,Ponta,,,,,,,,,,,,,,,,,,,,,,,,,,,,,,,,,,,,,,,,,,,,
1119456,Louis Leroux,2006-01-23,20.0,Midfield,Attacking Midfield,left,184.0,France,Football Club de Nantes,10000000.0,12000000.0,39,2257,3,2,Meia,Louis Leroux,FRA,"MF,DF",19,2006,23,16,1441,16.0,1,1,2,1,0,0,2,0,0.06,0.06,0.12,0.06,0.12,1,15,3,20.0,0.94,0.19,0.07,0.33,0,0,2,0,0,12,14,1,30,5,23,,,0
1119881,Enzo Koffi,2006-03-04,20.0,Defender,Left-Back,left,183.0,France,Le Havre Athletic Club,1800000.0,1800000.0,14,380,0,0,Lateral,,,,,,,,,,,,,,,,,,,,,,,,,,,,,,,,,,,,,,,,,,,,
1121298,Juma Bah,2006-04-11,20.0,Defender,Centre-Back,right,195.0,Sierra Leone,Olympique Gymnaste Club Nice Côte d'Azur,10000000.0,10000000.0,36,2640,0,0,Zagueiro,,,,,,,,,,,,,,,,,,,,,,,,,,,,,,,,,,,,,,,,,,,,
1130445,Abdoul Koné,2005-04-22,21.0,Defender,Centre-Back,right,192.0,France,Stade Reims,5000000.0,5000000.0,7,327,0,1,Zagueiro,,,,,,,,,,,,,,,,,,,,,,,,,,,,,,,,,,,,,,,,,,,,
1130514,Samir El Mourabet,2005-10-06,20.0,Midfield,Central Midfield,left,187.0,Morocco,Racing Club de Strasbourg Alsace,22000000.0,22000000.0,33,2137,1,3,Meia,Samir El Mourabet,MAR,MF,19,2005,33,25,2128,23.6,1,2,3,1,0,0,4,0,0.04,0.08,0.13,0.04,0.13,1,12,1,8.3,0.51,0.04,0.08,1.0,0,0,4,0,0,23,26,3,18,27,37,,,0
1133929,Harouna Djibirin,2006-11-05,19.0,Attack,Right Winger,left,175.0,Cameroon,Angers Sporting Club de l'Ouest,1500000.0,1500000.0,15,323,2,1,Ponta,,,,,,,,,,,,,,,,,,,,,,,,,,,,,,,,,,,,,,,,,,,,
1134251,Abdelhamid Ait Boudlal,2006-04-16,20.0,Defender,Centre-Back,right,190.0,Morocco,Stade Rennais Football Club,12000000.0,12000000.0,20,1402,2,1,Zagueiro,Abdelhamid Ait Boudlal,MAR,DF,19,2006,20,17,1403,15.6,2,1,3,2,0,0,3,1,0.13,0.06,0.19,0.13,0.19,2,13,4,30.8,0.83,0.26,0.15,0.5,0,0,3,1,0,14,10,1,2,18,11,,,0
1137808,Hiroki Sekine,2002-08-11,23.0,Defender,Right-Back,right,187.0,Japan,Stade Reims,1200000.0,1500000.0,15,884,0,0,Lateral,,,,,,,,,,,,,,,,,,,,,,,,,,,,,,,,,,,,,,,,,,,,
1144999,Luck Zogbé,2005-03-24,21.0,Defender,Right-Back,right,178.0,Cote d'Ivoire,Stade brestois 29,1200000.0,3000000.0,23,931,0,0,Lateral,Luck Zogbé,CIV,DF,20,2005,9,3,288,3.2,0,0,0,0,0,0,0,0,0.0,0.0,0.0,0.0,0.0,0,3,0,0.0,0.94,0.0,0.0,,0,0,0,0,0,7,5,0,11,3,5,,,0
1151929,Gessime Yassine,2005-11-22,20.0,Attack,Right Winger,left,172.0,Morocco,Racing Club de Strasbourg Alsace,12000000.0,12000000.0,12,510,0,2,Ponta,Gessime Yassine,MAR,MF,19,2005,12,6,510,5.7,0,1,1,0,0,0,0,0,0.0,0.18,0.18,0.0,0.18,0,8,1,12.5,1.41,0.18,0.0,0.0,0,0,0,0,0,9,19,1,18,1,9,,,0
1160814,Rayan Fofana,2006-02-12,20.0,Attack,Centre-Forward,right,187.0,France,Racing Club de Lens,8000000.0,8000000.0,27,809,5,1,Centroavante,Rayan Fofana,FRA,"FW,MF",19,2006,25,7,798,8.9,5,0,5,5,0,0,0,0,0.56,0.0,0.56,0.56,0.56,5,36,12,33.3,4.06,1.35,0.14,0.42,0,0,0,0,0,15,34,7,6,1,4,,,0
1166473,Raphaël Le Guen,2006-09-01,19.0,Defender,Centre-Back,right,196.0,France,Stade brestois 29,800000.0,800000.0,6,373,0,0,Zagueiro,Raphael Le Guen,FRA,DF,18,2006,6,4,375,4.2,0,0,0,0,0,0,0,0,0.0,0.0,0.0,0.0,0.0,0,4,1,25.0,0.96,0.24,0.0,0.0,0,0,0,0,0,4,0,0,0,11,3,,,0
1176215,Bahmed Deuff,2006-03-10,20.0,Midfield,Defensive Midfield,right,194.0,Mauritania,Football Club de Nantes,1200000.0,1500000.0,11,241,0,0,Volante,Bahmed Deuff,MTN,MF,19,2006,11,1,250,2.8,0,0,0,0,0,0,1,0,0.0,0.0,0.0,0.0,0.0,0,7,3,42.9,2.52,1.08,0.0,0.0,0,0,1,0,0,6,3,0,1,2,3,,,0
1176345,Mahamadou Nagida,2005-06-28,21.0,Defender,Left-Back,left,176.0,Cameroon,Stade Rennais Football Club,7000000.0,7000000.0,35,1332,2,0,Lateral,Mahamadou Nagida,CMR,DF,20,2005,19,7,805,8.9,0,0,0,0,0,0,2,0,0.0,0.0,0.0,0.0,0.0,0,13,3,23.1,1.45,0.34,0.0,0.0,0,0,2,0,0,14,11,0,20,20,12,,,0
1178489,Alpha Touré,2006-01-25,20.0,Midfield,Defensive Midfield,left,180.0,Senegal,Football Club de Metz,5000000.0,5000000.0,30,1602,0,1,Volante,Alpha Touré,SEN,MF,19,2006,30,16,1606,17.8,0,1,1,0,0,0,5,0,0.0,0.06,0.06,0.0,0.06,0,17,1,5.9,0.95,0.06,0.0,0.0,0,0,5,0,0,27,27,1,13,10,23,,,0
1178695,Kenny Quetant,2006-07-17,19.0,Attack,Centre-Forward,right,189.0,France,Le Havre Athletic Club,3000000.0,3000000.0,9,373,1,0,Centroavante,Kenny Quetant,FRA,FW,19,2006,9,4,372,4.1,1,0,1,1,0,0,1,0,0.24,0.0,0.24,0.24,0.24,1,8,2,25.0,1.94,0.48,0.13,0.5,0,0,1,0,0,6,3,4,1,1,0,,,0
1182738,Abdoulaye Faye,2004-09-22,21.0,Defender,Centre-Back,left,191.0,Senegal,Football Club Lorient-Bretagne Sud,4500000.0,4500000.0,17,1446,0,0,Zagueiro,Abdoulaye Faye,SEN,DF,20,2004,17,16,1444,16.0,0,0,0,0,0,0,8,0,0.0,0.0,0.0,0.0,0.0,0,8,2,25.0,0.5,0.12,0.0,0.0,0,0,8,0,0,25,15,0,4,28,24,,,1
1185888,Ibrahim Mbaye,2008-01-24,18.0,Attack,Right Winger,right,175.0,Senegal,Paris Saint-Germain Football Club,30000000.0,30000000.0,33,1334,4,3,Ponta,Ibrahim Mbaye,SEN,"FW,MF",17,2008,24,10,1006,11.2,3,2,5,3,0,0,0,0,0.27,0.18,0.45,0.27,0.45,3,24,10,41.7,2.15,0.89,0.13,0.3,0,0,0,0,0,10,13,2,16,4,7,,,0
1186789,Kyllian Antonio,2008-01-04,18.0,Defender,Centre-Back,right,183.0,France,Racing Club de Lens,3000000.0,3000000.0,7,328,0,1,Zagueiro,Kyllian Antonio,FRA,DF,17,2008,4,2,190,2.1,0,1,1,0,0,0,1,0,0.0,0.47,0.47,0.0,0.47,0,1,0,0.0,0.47,0.0,0.0,,0,0,1,0,0,1,4,0,2,5,4,,,0
1187942,Khalis Merah,2007-02-24,19.0,Midfield,Central Midfield,right,178.0,France,Olympique Lyonnais,15000000.0,15000000.0,22,1139,0,1,Meia,Khalis Merah,FRA,"MF,FW",18,2007,22,15,1130,12.6,0,1,1,0,0,0,2,0,0.0,0.08,0.08,0.0,0.08,0,6,3,50.0,0.48,0.24,0.0,0.0,0,0,2,0,0,11,20,0,13,6,19,,,0
1191444,Dayann Methalie,2006-02-15,20.0,Defender,Left-Back,left,188.0,France,Toulouse Football Club,18000000.0,18000000.0,27,1884,2,2,Lateral,Dayann Methalie,FRA,MF,19,2006,27,22,1871,20.8,2,1,3,2,0,0,9,0,0.1,0.05,0.14,0.1,0.14,2,15,7,46.7,0.72,0.34,0.13,0.29,0,0,9,0,0,57,11,1,43,23,30,,,0
1200289,Hamidou Makalou,2006-07-15,19.0,Midfield,Defensive Midfield,right,164.0,Mali,Stade brestois 29,1000000.0,1000000.0,21,357,0,0,Volante,Hamidou Makalou,MLI,MF,19,2006,17,2,341,3.8,0,0,0,0,0,0,0,0,0.0,0.0,0.0,0.0,0.0,0,4,1,25.0,1.06,0.26,0.0,0.0,0,0,0,0,0,1,4,0,14,5,5,,,0
1200427,Alexis Vossah,2008-03-11,18.0,Midfield,Central Midfield,both,181.0,France,Toulouse Football Club,15000000.0,15000000.0,23,1093,1,1,Meia,Alexis Vossah,FRA,MF,17,2008,23,12,1092,12.1,1,1,2,1,0,0,5,1,0.08,0.08,0.16,0.08,0.16,1,9,2,22.2,0.74,0.16,0.11,0.5,0,0,5,1,0,18,10,0,6,7,7,,,0
1203026,Wilfried Ndollo Bille,2005-04-15,21.0,Defender,Right-Back,right,172.0,Cameroon,Montpellier HSC,,,8,397,0,0,Lateral,,,,,,,,,,,,,,,,,,,,,,,,,,,,,,,,,,,,,,,,,,,,
1228317,Stephan Zagadou,2008-10-24,17.0,Defender,Centre-Back,right,186.0,France,Le Havre Athletic Club,4000000.0,4000000.0,8,498,1,0,Zagueiro,Stephan Zagadou,FRA,DF,16,2008,8,6,495,5.5,1,0,1,1,0,0,0,1,0.18,0.0,0.18,0.18,0.18,1,1,1,100.0,0.18,0.18,1.0,1.0,0,0,0,1,0,7,1,0,0,1,5,,,0
1234988,Julián Vignolo,2006-12-07,19.0,Attack,Centre-Forward,right,185.0,Argentina,Toulouse Football Club,1500000.0,2000000.0,13,184,2,0,Centroavante,Julián Vignolo,ARG,MF,18,2006,13,1,195,2.2,2,0,2,2,0,0,0,0,0.92,0.0,0.92,0.92,0.92,2,8,7,87.5,3.69,3.23,0.25,0.29,0,0,0,0,0,3,1,0,10,0,3,,,0
1237306,Hafiz Umar Ibrahim,2005-12-20,20.0,Attack,Centre-Forward,left,190.0,Nigeria,Stade Reims,800000.0,800000.0,11,386,0,1,Centroavante,,,,,,,,,,,,,,,,,,,,,,,,,,,,,,,,,,,,,,,,,,,,
1241207,Tylel Tati,2008-01-19,18.0,Defender,Centre-Back,left,192.0,France,Football Club de Nantes,25000000.0,25000000.0,20,1724,0,0,Zagueiro,Tylel Tati,FRA,DF,17,2008,20,20,1721,19.1,0,0,0,0,0,0,5,1,0.0,0.0,0.0,0.0,0.0,0,3,0,0.0,0.16,0.0,0.0,,0,0,5,1,0,25,15,0,1,14,13,,,0
1241211,Rudy Matondo,2008-03-13,18.0,Midfield,Central Midfield,right,180.0,France,Paris Football Club,20000000.0,20000000.0,32,1414,2,0,Meia,,,,,,,,,,,,,,,,,,,,,,,,,,,,,,,,,,,,,,,,,,,,
1297673,Believe Munongo,2009-11-23,16.0,Midfield,Central Midfield,both,191.0,France,Football Club de Metz,10000000.0,10000000.0,11,428,0,0,Meia,Believe Munongo,FRA,MF,15,2009,11,5,431,4.8,0,0,0,0,0,0,1,0,0.0,0.0,0.0,0.0,0.0,0,5,1,20.0,1.04,0.21,0.0,0.0,0,0,1,0,0,17,2,0,2,6,7,,,0
1307004,Nathan Mbala,2008-02-19,18.0,Attack,Centre-Forward,left,179.0,DR Congo,Football Club de Metz,4500000.0,4500000.0,13,435,2,2,Centroavante,Nathan Mbala,,"MF,FW",17,2008,13,4,441,4.9,2,2,4,2,0,0,0,0,0.41,0.41,0.82,0.41,0.82,2,15,4,26.7,3.06,0.82,0.13,0.5,0,0,0,0,0,3,6,0,36,1,6,,,0
